{
  "museum": {
    "name": "示例市立博物馆",
    "location": "Seoul, Korea",
    "description": "这是一个示例博物馆数据集，用于演示如何通过 GitHub + Streamlit 读取并展示博物馆 API 数据。",
    "collections": [
      {
        "id": "c001",
        "title": "古代陶瓷",
        "category": "陶瓷",
        "year_range": "1000 BCE - 1500 CE",
        "items": [
          {
            "id": "i001",
            "title": "青花瓷碗",
            "artist": "不详",
            "year": "14世纪",
            "description": "青花釉面，精细纹饰。",
            "image_url": "https://example.com/images/ceramic1.jpg"
          },
          {
            "id": "i002",
            "title": "三足陶鼎",
            "artist": "不详",
            "year": "前2世纪",
            "description": "青铜与陶器混合工艺遗物。",
            "image_url": ""
          }
        ]
      },
      {
        "id": "c002",
        "title": "现代艺术",
        "category": "绘画",
        "year_range": "1900 - 2020",
        "items": [
          {
            "id": "i101",
            "title": "抽象构成",
            "artist": "Kim Artist",
            "year": "2012",
            "description": "色块构成与几何抽象。",
            "image_url": "https://example.com/images/painting1.jpg"
          }
        ]
      }
    ]
  }
}